observation_id,water_body_type,salinity_ppt,pH,temperature_C,dissolved_oxygen_mg_L,RGS_present,RES_present,PH_present
1,Clear spring fed pond,0.24967141530112327,7.646618047998348,12.227413674581179,8.124381746615242,1,0,0
2,Clear spring fed pond,0.18617356988288156,7.969037894796185,9.968514865463664,7.6172002690356635,1,0,1
3,Clear spring fed pond,0.26476885381006926,7.326383565199139,14.925359200253254,9.92617754753164,1,0,1
4,Clear spring fed pond,0.35230298564080254,7.173879150692754,11.558827855493584,10.90941664047013,1,0,0
5,Clear spring fed pond,0.17658466252766641,7.133145671112343,9.523508409622465,7.601432426180859,1,0,0
6,Clear spring fed pond,0.17658630430508196,7.155256914510369,11.03584247504102,9.56296923669057,1,0,1
7,Clear spring fed pond,0.35792128155073916,7.376869487175769,13.238794362826873,8.349357430878174,1,0,1
8,Clear spring fed pond,0.2767434729152909,7.5023455924449935,10.308826341588075,8.512874616235305,1,0,0
9,Clear spring fed pond,0.1530525614065048,7.483007239799006,9.533338813300706,8.40760607576113,1,0,0
10,Clear spring fed pond,0.25425600435859647,7.648154974710807,12.731061634475736,8.136009230320184,1,0,1
11,Clear spring fed pond,0.15365823071875379,7.4039005675633724,12.734899713326168,9.048521627944828,1,0,0
12,Clear spring fed pond,0.15342702464297434,7.836060223147196,10.479170473886612,8.169049883588961,0,0,1
13,Clear spring fed pond,0.22419622715660342,7.320602950028613,10.586885083145031,9.270456825779839,1,0,1
14,Clear spring fed pond,0.008671975534220212,8.216050749976885,12.696149812072909,8.949761890550864,0,1,1
15,Clear spring fed pond,0.027508216748696725,7.5877002043295025,7.655746975508028,8.76105195313359,1,0,1
16,Clear spring fed pond,0.14377124707590275,7.142852733075116,7.777608676870335,8.092436337958402,1,0,0
17,Clear spring fed pond,0.09871688796655763,7.078732250581667,9.844667336242692,8.423228669431667,1,0,1
18,Clear spring fed pond,0.2314247332595274,7.5447417245729556,11.359658544864459,9.755391225825756,1,0,1
19,Clear spring fed pond,0.1091975924478789,7.332961164402245,12.932722696794015,9.500917187624381,1,0,0
20,Clear spring fed pond,0.05876962986647083,7.614200148227628,16.426068650848656,8.022444755201448,1,0,0
21,Clear spring fed pond,0.3465648768921554,7.541971287372064,14.572978869606057,9.099332305429225,1,0,0
22,Clear spring fed pond,0.17742236995134644,7.378151326202938,11.520184410109719,9.751387123371789,1,0,0
23,Clear spring fed pond,0.2067528204687924,7.145961884579479,11.942951376291933,7.330594718878628,1,0,1
24,Clear spring fed pond,0.057525181378654325,6.945545832594241,8.992411906086573,9.543360192379936,1,0,1
25,Clear spring fed pond,0.14556172754748173,7.266045514379894,11.94446059202283,8.337376241054153,1,0,0
26,Clear spring fed pond,0.21109225897098663,7.656919638297042,11.134024083239586,9.57059866859316,1,0,1
27,Clear spring fed pond,0.08490064225776972,7.464228123239062,12.968155681014268,8.236740843457483,1,0,1
28,Clear spring fed pond,0.23756980183456722,7.026278366386404,9.51830716934303,7.1951178993354805,1,0,0
29,Clear spring fed pond,0.1399361310081195,7.451954277755355,13.558039542723517,7.372457562116837,1,0,1
30,Clear spring fed pond,0.17083062502067234,7.515595213918651,16.598216739007732,9.048084946661382,1,0,0
31,Clear spring fed pond,0.1398293387770603,7.13484276913966,11.673719554629427,9.259722501721482,0,0,0
32,Clear spring fed pond,0.3852278184508938,7.446117531783659,13.205135166296824,8.095683374895591,1,0,0
33,Clear spring fed pond,0.19865027752620662,7.4174626155338,14.070431975133337,9.638592458777374,1,0,0
34,Clear spring fed pond,0.09422890710441001,7.057108910650814,10.796338584342491,7.33847993773104,1,0,0
35,Clear spring fed pond,0.2822544912103189,7.507336208104485,12.67227744543125,8.933920201352683,1,0,1
36,Clear spring fed pond,0.07791563500289778,7.568235357910471,12.037777202345385,7.788983800237544,1,0,1
37,Clear spring fed pond,0.22088635950047555,7.724915372952584,12.293028295646495,8.34816389219784,1,0,0
38,Clear spring fed pond,0.004032987612022443,7.716140615610471,9.6809706484336,9.047398671316413,1,0,0
39,Clear spring fed pond,0.06718139511015696,6.986699189612873,12.073530522776828,8.139586634716048,1,0,1
40,Clear spring fed pond,0.21968612358691236,7.118652488025464,13.493994873736348,8.615444455770175,1,0,1
41,Clear spring fed pond,0.27384665799954105,7.5545105801625985,16.353430823385125,10.00629280921444,1,0,1
42,Clear spring fed pond,0.21713682811899707,7.554135785273663,14.87781247825562,8.423108130476852,1,0,1
43,Clear spring fed pond,0.18843517176117597,7.554514305891814,18.45954737253467,9.835692112065141,1,0,0
44,Clear spring fed pond,0.16988963044107114,8.555819447196416,9.697957311335852,7.870293145342382,1,0,0
45,Clear spring fed pond,0.05214780096325727,7.57126715320795,14.616961910162034,9.529804177915283,1,0,1
46,Clear spring fed pond,0.12801557916052914,7.74066969205418,12.550026017215055,10.4415686206579,1,0,1
47,Clear spring fed pond,0.15393612290402126,7.686200529047961,18.56940879965302,6.528355499872711,0,0,0
48,Clear spring fed pond,0.30571222262189157,7.595417375391739,9.575105143934545,8.203104744529524,1,0,0
49,Clear spring fed pond,0.23436182895684615,7.3054192266078966,9.480834473457671,9.57707212718054,0,0,0
50,Clear spring fed pond,0.023695984463726606,7.627690766147981,10.201822063667933,8.796954613957007,1,0,0
51,Clear spring fed pond,0.2324083969394795,7.168152435638729,5.628312827070579,9.371145873371308,1,0,1
52,Clear spring fed pond,0.16149177195836836,7.3289544179779975,10.422734934957717,8.396014813284179,0,0,1
53,Clear spring fed pond,0.13230779996940414,7.254390935651269,9.722602015338905,9.0865897874729,1,0,1
54,Clear spring fed pond,0.2611676288840868,7.424562241815897,12.451181359428622,8.84432276460792,1,0,1
55,Clear spring fed pond,0.30309995224959513,8.094397570002053,13.025267927331479,10.167782061659807,1,0,0
56,Clear spring fed pond,0.29312801191161986,6.839820442222476,17.628512517647657,9.254420843301213,0,0,0
57,Clear spring fed pond,0.11607824767773615,7.6058780571123545,14.851271514558151,9.337602662075202,0,0,1
58,Clear spring fed pond,0.16907876241487854,6.916185238643105,10.269289033012791,8.588123033877533,1,0,0
59,Clear spring fed pond,0.2331263431403564,7.25842044026317,9.304755985954927,8.512393775927507,1,0,1
60,Clear spring fed pond,0.29755451271223593,7.72668517909021,13.475757514519517,8.567441812180379,1,0,0
61,Clear spring fed pond,0.15208257621547103,7.419284005728639,8.039300378938073,9.394452142378297,1,0,0
62,Clear spring fed pond,0.18143410233361829,7.076676566621209,17.49437629756306,8.579015519179737,1,0,0
63,Clear spring fed pond,0.08936650259939719,7.18540888722201,15.53832036216386,9.289774856896413,0,0,1
64,Clear spring fed pond,0.08037933759193293,7.6038793246804035,10.592473043685885,11.075400798645438,1,0,1
65,Clear spring fed pond,0.2812525822394198,7.180890010484859,6.860596412727366,9.871124703431692,0,0,0
66,Clear spring fed pond,0.3356240028570823,7.4649375768745925,16.06161712249624,8.673976467832158,1,0,1
67,Clear spring fed pond,0.1927989878419666,7.413671551971144,11.656380464242146,10.201213922163944,1,0,0
68,Clear spring fed pond,0.30035328978920245,7.2045198957182555,15.713448935920386,8.591924626978448,1,0,0
69,Clear spring fed pond,0.23616360250476343,8.043183226797598,7.216717023616899,6.961875464822146,1,0,1
70,Clear spring fed pond,0.13548802453948758,7.590175706695404,10.201874931138681,7.991913689082596,1,0,1
71,Clear spring fed pond,0.2361395605508414,6.792457224002718,12.01573109915455,7.129208078974145,1,0,1
72,Clear spring fed pond,0.35380365664659696,7.4559362944308285,12.140941781294226,8.648486515958691,1,0,1
73,Clear spring fed pond,0.19641739608900485,7.201464060569484,10.64980358556227,9.018418379189551,0,0,1
74,Clear spring fed pond,0.3564643655814006,7.655730000438868,13.868549797042496,10.676437312275283,1,0,0
75,Clear spring fed pond,0.0,7.16224377847019,8.797138711852217,9.326927373764162,1,0,1
76,Clear spring fed pond,0.2821902504375224,7.36557906755993,11.572861544936119,8.780899471191136,0,0,0
77,Clear spring fed pond,0.20870470682381714,7.551496183694137,12.360886895135696,9.829405581183488,1,0,0
78,Clear spring fed pond,0.17009926495341324,7.6597265582510365,13.543316502176246,6.788864690992115,1,0,0
79,Clear spring fed pond,0.20917607765355023,7.039911077883268,14.134844634266669,9.235614558108566,1,0,1
80,Clear spring fed pond,0.00124310853991072,7.299649629247716,8.626073724486393,9.770865193886968,1,0,1
81,Clear spring fed pond,0.1780328112162488,7.257516406651714,7.397657487793133,7.521413754220158,1,0,1
82,Clear spring fed pond,0.23571125715117466,7.204001230227886,15.833030465695527,10.143754043206929,0,0,0
83,Clear spring fed pond,0.34778940447415163,7.92963627208433,12.996942035938774,9.338496407494414,0,0,1
84,Clear spring fed pond,0.14817297817263528,7.521494513288287,9.75454039033034,8.584712086099199,1,0,1
85,Clear spring fed pond,0.11915063971068124,7.021734813699487,16.65345592656757,9.632781866106285,1,0,1
86,Clear spring fed pond,0.14982429564154634,7.675358584116434,12.347023902878576,11.270692857804395,1,0,0
87,Clear spring fed pond,0.29154021177020745,8.03664685910379,15.537891552191478,9.181866255058495,1,0,1
88,Clear spring fed pond,0.23287511096596847,7.709739578165345,12.202555444230327,9.248220586300336,1,0,0
89,Clear spring fed pond,0.14702397962329614,6.944189010213797,18.18224377464596,8.540639100459757,0,0,0
90,Clear spring fed pond,0.25132674331133564,7.254729778140125,17.266022527329614,8.150155630535208,1,0,1
91,Clear spring fed pond,0.20970775493480406,7.780073344755987,11.25310755456278,9.830335816544245,1,0,0
92,Clear spring fed pond,0.29686449905328893,7.1876991603143665,14.914712852863067,8.143916174091133,1,0,1
93,Clear spring fed pond,0.12979469061226476,7.533145828443869,13.936127848755442,9.071566237219393,1,0,0
94,Clear spring fed pond,0.16723378534022318,7.632390216028801,16.105894672597046,8.522342553234884,1,0,0
95,Clear spring fed pond,0.16078918468678424,7.121920858526575,9.105229618259687,9.478979825746393,1,0,0
96,Clear spring fed pond,0.05364850518678815,7.382142393181461,14.058154379995319,9.33366210528695,1,0,0
97,Clear spring fed pond,0.2296120277064576,6.427619797979278,15.175273460548762,10.0375399442579,1,0,0
98,Clear spring fed pond,0.22610552721798893,7.092683707599713,6.723781540730657,8.489983601145253,0,0,0
99,Clear spring fed pond,0.2005113456642461,7.324229554582052,8.450224462002675,8.730125064706629,1,0,0
100,Clear spring fed pond,0.17654128666248528,7.025665045410546,5.882303466719698,8.021236284217693,1,0,0
101,Clear spring fed pond,0.05846292579495858,7.889723391179491,11.191779496666326,8.555706739923888,0,0,0
102,Clear spring fed pond,0.15793546772346412,6.970957586611811,14.152626767387886,9.377300493044851,1,0,0
103,Clear spring fed pond,0.16572854834732306,7.2679866539909055,16.507071156288085,9.756988616645351,1,0,0
104,Clear spring fed pond,0.11977227307783811,7.4392221731858275,12.222284341259325,8.077834675822375,1,1,1
105,Clear spring fed pond,0.1838714288333991,7.832381986719835,16.885846636713875,9.869605920105661,1,0,0
106,Clear spring fed pond,0.24040508568145386,6.969241354646169,7.859695625355326,10.35563785880495,1,0,0
107,Clear spring fed pond,0.38861859012105304,7.748949125646488,6.889852681934536,9.4134349032237,1,0,0
108,Clear spring fed pond,0.2174577812831839,7.403069918305876,11.833356903310143,10.876795812558067,1,0,1
109,Clear spring fed pond,0.2257550390722764,7.105547404685615,13.152196346817922,8.226210800896427,1,0,1
110,Clear spring fed pond,0.1925554084233833,7.538631042278982,11.90191575571772,7.755345296688583,0,0,1
111,Clear spring fed pond,0.008122878470095851,7.459717908672041,5.79767369988037,7.221279751095722,1,0,1
112,Clear spring fed pond,0.19734861245507831,7.219934936852362,11.732639881461635,10.496044311489182,1,0,0
113,Clear spring fed pond,0.20602302099410266,7.420940625497006,8.08659149848544,9.654365656354058,1,0,0
114,Clear spring fed pond,0.4463242112485286,7.284405920941472,14.009017646490115,8.944415329089544,0,0,1
115,Clear spring fed pond,0.18076390352188776,7.434055203575375,13.099794738290544,9.279968626319821,1,0,1
116,Clear spring fed pond,0.23015473423336125,7.598639202356314,9.180360641017934,7.874510952701623,1,0,0
117,Clear spring fed pond,0.1965288230294757,7.875805044843606,10.45839924798992,11.445751979616826,1,0,1
118,Clear spring fed pond,0.0831321962380468,7.028655350351945,8.822359434333146,9.129221181975227,0,0,0
119,Clear spring fed pond,0.31428228145150205,8.03991001239688,11.811962708180484,9.109394794604892,1,0,0
120,Clear spring fed pond,0.2751933032686774,6.81437366014325,14.865426961503715,9.725766623898693,1,0,0
121,Clear spring fed pond,0.2791031947043047,7.354464471489325,9.042821860993369,9.481009231736714,1,0,0
122,Clear spring fed pond,0.10906125452052612,7.576495161945373,13.512139546553533,9.223884024279132,1,0,0
123,Clear spring fed pond,0.3402794310936099,7.48429756032051,10.409227144882678,8.209525544554689,1,0,1
124,Clear spring fed pond,0.059814893720771915,7.213190144053822,9.621381503212968,9.471468357135995,1,0,1
125,Clear spring fed pond,0.25868570938002705,7.337563324892818,11.678908920136326,10.882024496475033,0,0,1
126,Clear spring fed pond,0.4190455625809979,7.2520997196023504,8.894273032741879,10.345420046154977,1,0,1
127,Clear spring fed pond,0.10094636748693117,7.223190572916737,10.339052083958453,10.593186626639397,0,0,0
128,Clear spring fed pond,0.14337022703972283,7.654880629106308,8.406366322233454,8.488784323568815,1,0,0
129,Clear spring fed pond,0.20996513650876414,7.507104645789514,17.89417539874917,8.010395179741419,1,0,0
130,Clear spring fed pond,0.1496524345883801,7.192127121421804,12.105790655915186,8.874213079900352,1,0,1
131,Clear spring fed pond,0.044933656893386735,7.669879962629976,9.900823476022245,9.055724912288694,0,0,0
132,Clear spring fed pond,0.20685629748060275,7.492189856262983,12.641939732202665,10.094191518470948,1,0,1
133,Clear spring fed pond,0.09376962862738952,7.643858635651688,11.663015850927511,7.307535370285181,1,0,1
134,Clear spring fed pond,0.24735924306351817,7.588888652577084,11.337091201400332,10.529550319460613,1,0,0
135,Clear spring fed pond,0.10805757657661967,7.151301496723379,13.842500100130275,8.841992101421011,1,0,1
136,Clear spring fed pond,0.354993440501754,7.231945687940909,14.272523130141915,8.57311893005258,1,1,1
137,Clear spring fed pond,0.1216746707663763,7.624188081536979,10.408496557168418,7.987895624739832,1,0,0
138,Clear spring fed pond,0.16779384837943245,7.58311107963004,10.27254527806596,7.34514332813423,1,0,0
139,Clear spring fed pond,0.281351721736967,7.393729521810756,11.174844908545069,9.823170583961915,1,0,0
140,Clear spring fed pond,0.07691356835660448,7.435198214992635,5.094236505793246,9.073317967188403,1,0,0
141,Clear spring fed pond,0.22274599346041296,7.783299468736528,7.454426813404344,7.710039100258946,1,0,0
142,Clear spring fed pond,0.33071427542824283,7.222528583349251,16.100622802333575,7.704921227936384,1,0,1
143,Clear spring fed pond,0.03925167654387725,7.564129214351012,16.934903140503852,8.664215300709872,1,0,1
144,Clear spring fed pond,0.21846338585323044,7.339342204269832,11.252891881330864,10.669021525289393,1,0,1
145,Clear spring fed pond,0.22598827942484237,7.3346956390318345,13.729670889167298,8.740408648636395,1,0,0
146,Clear spring fed pond,0.278182287177731,7.729633055596158,12.933750463630608,7.496857046881894,1,0,1
147,Clear spring fed pond,0.07630492891219182,7.647624904696409,21.236642425365712,8.754256935914055,1,0,0
148,Clear spring fed pond,0.06795433869157237,7.644052890800192,15.358724734303731,8.72727643025233,1,0,0
149,Clear spring fed pond,0.25219415656168975,7.791643642146299,11.6162472255577,6.303113357058429,1,0,0
150,Clear spring fed pond,0.2296984673233186,7.406301152489828,9.133378678198723,8.945705133482187,0,0,0
151,Clear spring fed pond,0.22504928503458768,7.604585891388489,7.1806610392272825,8.769065469791322,1,0,1
152,Clear spring fed pond,0.2346448209496976,7.306919973021963,12.61039090760167,9.696206364813419,0,0,0
153,Clear spring fed pond,0.13199752784215094,7.497249905746533,9.73094776414709,10.848956094945345,1,0,0
154,Clear spring fed pond,0.22322536971610038,7.360957083689695,7.733238871206978,10.126565029547757,1,0,1
155,Clear spring fed pond,0.22930724732986812,7.429098789497816,10.06028134727242,8.73111130944517,1,0,0
156,Clear spring fed pond,0.1285648581973632,7.578547107631074,8.755355989156815,7.89347409125833,1,0,1
157,Clear spring fed pond,0.38657745111447567,7.154533795029959,17.061424905217695,11.573359803249861,1,0,0
158,Clear spring fed pond,0.24738329209117876,8.027716182705639,14.644919270848352,9.059218434014488,1,0,0
159,Clear spring fed pond,0.08086965027973514,7.09819478555009,11.976082076050147,9.013929291912946,1,0,0
160,Clear spring fed pond,0.265655360863383,7.0357434161636805,16.43983241667008,8.975874912889998,1,0,0
161,Clear spring fed pond,0.10253183297726787,7.747433262050021,12.232104922942854,9.198084760767856,1,0,1
162,Clear spring fed pond,0.27870846037424524,7.637498808188881,9.416147396015209,8.855639588076057,1,0,0
163,Clear spring fed pond,0.31585955790074044,7.587235945115647,16.569372231808973,8.426337993119764,1,0,1
164,Clear spring fed pond,0.11793176816482896,7.588503652779284,13.616730131053975,8.453141058759607,1,0,1
165,Clear spring fed pond,0.29633761292443217,7.396325968145926,8.88826153702063,8.967246729784002,0,0,1
166,Clear spring fed pond,0.24127809269364983,7.130823688554251,11.428983965749175,8.456575228866235,1,0,0
167,vegetated pond,0.5309490800236721,6.378068382304358,13.323709045360333,9.991888821821805,0,0,1
168,vegetated pond,0.953463974994669,6.653547401102046,20.159618749584304,6.814355615120593,0,0,1
169,vegetated pond,0.8609291513653679,6.640796367215401,13.577537841052543,6.596681909457329,0,1,1
170,vegetated pond,0.0,7.447462188472221,23.304038854187745,8.203161384112535,1,0,0
171,vegetated pond,1.1906161398903583,6.852525160853986,18.711703485357077,6.002421841217563,0,0,1
172,vegetated pond,1.1520365416589806,7.623871036336867,14.04835436741719,7.952687849729199,0,0,1
173,vegetated pond,0.3497749193961882,6.663254687878066,24.629232853062014,8.649120417577036,1,0,1
174,vegetated pond,0.7583214133749636,7.139497081111901,13.577140307986646,9.340399835826462,0,0,1
175,vegetated pond,0.7976120745130955,6.582326473370121,18.968381488037227,7.349768885280071,0,1,1
176,vegetated pond,0.7042695063295629,8.072574563886693,17.19717032162597,7.194489374734551,0,1,1
177,vegetated pond,0.37987793846183193,6.406200790485244,21.206965157595192,6.183026119865159,1,0,1
178,vegetated pond,0.3313506528247793,7.154910355113514,22.24604478690741,6.2596794689402095,0,0,1
179,vegetated pond,0.5897783716034218,7.316888440466049,16.128016596263066,7.1602816621477094,0,1,0
180,vegetated pond,1.0690916077037458,7.206899548725749,12.986328518615267,8.051048260224267,0,0,1
181,vegetated pond,0.817440061837773,6.907356170561146,17.839888571756465,8.870376939349875,0,1,1
182,vegetated pond,0.4517542671655576,6.935089650133287,13.289138520991575,6.295231573979483,0,0,1
183,vegetated pond,0.9086794842593379,7.021905735989555,24.053548990106492,9.739032853439282,0,0,0
184,vegetated pond,0.0,6.926498999185756,16.54614132433095,7.093314598436147,0,1,1
185,vegetated pond,1.0595062801488413,7.481939558397455,14.538713794751565,7.467949058477346,0,1,1
186,vegetated pond,0.0,8.105261500795676,16.738721223459635,6.379182481278265,0,0,1
187,vegetated pond,0.4550236234387471,6.721254107496083,10.611494841881214,3.863639609590588,0,0,1
188,vegetated pond,0.1521320421495424,6.315098510210461,12.113543845957395,8.826068094541574,0,0,1
189,vegetated pond,0.08212740971163773,6.9558589758243725,20.801655631777702,8.60526584563865,0,0,0
190,vegetated pond,1.0643307149514076,8.289854668827159,13.372422884114417,7.07800866432268,0,0,1
191,vegetated pond,0.4129195194752434,6.598162716015135,11.81235606927224,7.600486075837308,0,0,1
192,vegetated pond,0.7386015526922863,7.819558402722034,18.146611010109144,8.273908826556148,0,1,1
193,vegetated pond,0.5812317684483264,7.838850407038221,20.742816618651986,5.156181214670186,0,0,0
194,vegetated pond,0.7908163308892485,6.723205879146002,18.875813242660268,6.706420983980558,0,0,1
195,vegetated pond,0.6307287564241021,7.284491539592637,19.984190743223266,8.69139701943274,0,1,1
196,vegetated pond,0.08680311032457211,7.814198311564269,12.972819645722158,5.618565865246126,0,0,1
197,vegetated pond,0.998506727778856,6.8104361295062565,10.312757333032625,7.940336898249944,0,0,0
198,vegetated pond,0.402497366735475,6.8982098199488195,22.005334607821947,5.465127293064892,0,0,1
199,vegetated pond,0.0,6.709159543025678,14.709280644631457,8.19964497365029,0,0,1
200,vegetated pond,0.42875393561363495,6.492621634653567,14.996667934179811,7.446537776553774,0,1,1
201,vegetated pond,1.2003039162537243,6.675361227466997,21.31277656739623,5.077302276141736,0,1,1
202,vegetated pond,0.9400886968453972,6.388029866618872,18.22492003760264,9.247109031685756,0,0,1
203,vegetated pond,0.46053914623685627,7.017041734129613,17.82355108832643,6.398112634802927,0,0,0
204,vegetated pond,0.4602969182726285,6.6150133844706795,24.660009379604336,6.2846213444784285,0,1,1
205,vegetated pond,0.4713459795130469,7.1168929558953735,13.425927078479429,7.800853795846415,0,0,1
206,vegetated pond,1.4306991934243365,6.2220521768981865,19.711360512324948,9.222956024143073,0,0,1
207,vegetated pond,0.7527741808926213,7.165440116107229,16.228052499588337,5.976267271532405,0,1,1
208,vegetated pond,0.7720166588764278,7.416764480804463,17.07436911545303,7.592519774771957,0,0,1
209,vegetated pond,1.0121133816127368,6.003132178714273,22.11387370565013,8.14322475049586,0,0,1
210,vegetated pond,0.6955156636106054,7.187028284923786,18.031343025158495,8.539658410894717,0,0,0
211,vegetated pond,0.4963831416717187,7.613834496236646,18.153184316198534,7.7646623329158375,0,1,1
212,vegetated pond,0.5214600603660087,6.395179490654398,20.29002934923921,6.949458241375017,0,0,1
213,vegetated pond,0.5713594962343744,7.836286193418852,14.540189081828458,6.258614669026921,0,0,1
214,vegetated pond,0.5851111053960634,7.209509504683022,12.643161330643974,7.629215824569562,0,0,1
215,vegetated pond,0.8910518174547919,6.647494072120796,11.820763223915865,5.891791482021589,0,0,1
216,vegetated pond,0.6207783543229197,6.972115461171147,8.134573642495994,3.117974274758089,0,1,1
217,vegetated pond,0.8930560308862316,7.279163456260862,24.22482851976129,8.154839706236501,0,0,1
218,vegetated pond,0.567713367956567,7.038002695706206,11.587166537113267,8.855902261629293,0,0,1
219,vegetated pond,0.6314540761264362,7.269377996223184,15.114985505656913,3.955601346687242,0,0,1
220,vegetated pond,0.0,6.539663203460317,14.892746800444318,5.985403942935093,0,0,1
221,vegetated pond,0.9665310698809926,7.084680412018039,17.229626791236402,8.428731391507796,0,1,1
222,vegetated pond,0.7385953903591971,6.29314275154751,19.262948850157187,10.586243204567548,0,1,1
223,vegetated pond,0.9992040439438609,6.94438696932565,19.44189395343898,7.531190561513112,0,0,1
224,vegetated pond,0.0,6.5480461792676055,13.667690245724247,6.407995588156298,1,1,1
225,vegetated pond,1.435349881912291,6.632235028705117,15.331513144854354,7.22565533834274,0,0,1
226,vegetated pond,0.5441641487379305,7.618046587605218,17.1303198019532,9.562314628722277,0,0,1
227,vegetated pond,1.0432731266950066,7.545655060297134,15.005235495265811,6.531053731313197,0,0,1
228,vegetated pond,0.1840376291497876,7.304569060453589,22.429382304079972,6.30121199002462,0,0,1
229,vegetated pond,0.8451095620250278,6.45384361766371,17.963899806553005,6.775884716726951,0,0,0
230,vegetated pond,0.1786337747305375,6.841795775152599,18.93951114419927,6.070007087611931,0,0,1
231,vegetated pond,0.35049241572167794,7.606548849989592,18.65152507466965,7.684005473992193,0,0,1
232,vegetated pond,1.3656125415467144,7.070858456819952,20.6938954299413,9.93701768770434,0,0,1
233,vegetated pond,0.5237270396946614,8.159664769990847,16.724086234814827,7.984618909674044,0,1,0
234,vegetated pond,0.6869731492718891,7.196658919697186,10.812672208176615,7.121469746810568,0,1,1
235,vegetated pond,0.9480270922755015,7.096024558245015,17.598751807010565,7.062283096626684,0,0,1
236,vegetated pond,0.7982727551890417,6.845441767898749,13.394572424832685,5.155213786955015,0,0,1
237,vegetated pond,0.6601675620574305,7.0667704523911405,13.885533273000974,8.82466466572074,0,0,1
238,vegetated pond,0.74598440098649,6.923765081809728,18.345456075020373,7.383244204480797,0,0,1
239,vegetated pond,1.56136623409531,7.354054338344295,20.953132285734544,7.229280129614062,0,1,1
240,vegetated pond,0.5769524811865658,7.478351158397292,16.08508630694425,12.0,1,0,0
241,vegetated pond,0.680439618685987,6.6070052697460255,17.235332050395854,7.94812936254853,0,1,1
242,vegetated pond,1.020261758403045,6.334383523221111,22.808859778540953,6.372313424857223,0,1,1
243,vegetated pond,1.0422103731831935,6.081897313448351,16.963012717954275,6.8604636056916855,0,0,1
244,vegetated pond,1.074812122224152,7.253995663456272,26.406732456721578,9.222668563795132,0,1,0
245,vegetated pond,0.8554920888116738,6.448316696913063,18.262038582526177,7.6699056158066465,0,0,1
246,vegetated pond,0.14279803490780654,6.0,8.956948963376728,5.34258303252395,0,0,1
247,vegetated pond,1.2533726129204383,7.194289302265482,19.01336648441813,8.878843401862806,0,0,1
248,vegetated pond,0.14146184279252474,8.246499758716395,17.52463353953111,6.497783871691509,0,0,1
249,vegetated pond,0.7210541860956132,6.996964544230053,21.159011016330982,10.309946664326318,0,0,1
250,vegetated pond,0.29828965999225676,7.419245387225821,18.692725405079834,9.120072098571972,0,0,1
251,vegetated pond,0.5743446613628029,7.040914679273783,15.446176064064904,6.829017156511873,0,1,1
252,vegetated pond,0.7315049641213923,6.950555173404429,11.102807054842536,9.421524542602668,0,0,0
253,vegetated pond,0.7285428861801092,7.459538241493885,15.1639069708559,7.601783265791105,0,0,1
254,vegetated pond,0.7687683016941139,6.854862727905674,12.5979181831628,8.77916051268333,0,0,1
255,vegetated pond,1.2454845076234589,7.133696157035952,13.67790620078111,8.227099225941712,0,0,0
256,vegetated pond,0.7814137206055919,7.160848903098007,18.35431361768244,6.23046501751369,0,0,1
257,vegetated pond,0.5023373458837405,6.665954773178475,22.679618017405623,6.534675251523807,0,1,1
258,vegetated pond,0.985634867315343,7.496021174768261,17.578686119291923,9.044941226371742,1,0,1
259,vegetated pond,1.0757881955698563,6.912520121652296,11.216467751859263,6.997837001840189,0,0,0
260,vegetated pond,0.10895687394520297,6.622127420253578,17.77841067288056,6.894527305137005,0,0,0
261,vegetated pond,0.8389600279399432,7.268254921785202,20.786525946582604,6.0673161309759704,0,0,1
262,vegetated pond,0.8804690969243594,6.550766009104481,13.560868382722472,8.135398598390191,0,0,0
263,vegetated pond,0.48097459865600317,7.014090578684564,15.463931333308329,10.593787378864718,0,1,1
264,vegetated pond,1.150282725324648,6.995440501677899,16.058752778916787,5.898700628618591,0,0,0
265,vegetated pond,0.5399777651869891,7.542947782915789,12.860406747671039,7.536329185009137,0,0,1
266,vegetated pond,0.650230581388617,7.237349116439977,18.593121735375437,9.618330833123144,0,0,1
267,vegetated pond,0.5307712702864521,6.987486520627428,15.516207405568874,7.380537913131427,0,0,1
268,vegetated pond,0.606231619032587,7.408883149600143,17.67812977562811,8.178557694374602,0,0,1
269,vegetated pond,0.16148996524191922,7.695103774508657,12.4500312887916,5.90640970777968,0,0,1
270,vegetated pond,0.0239796469622822,7.2789051531759315,14.250166798706358,8.142460645811473,0,1,1
271,vegetated pond,1.2378020252899888,7.005176309921691,18.889525431311085,7.219283602493177,0,0,1
272,vegetated pond,0.2612154606726688,6.34408188382492,14.508667391632931,8.978594993519794,0,1,0
273,vegetated pond,0.2034430602174771,6.467443168462314,22.90785540493362,9.281079077347126,0,0,1
274,vegetated pond,0.0,6.847387647822666,14.40145525754159,11.38434546302792,0,1,1
275,vegetated pond,0.34441530092419903,6.695243898920358,16.898738903007544,8.369449759820364,0,0,1
276,vegetated pond,0.07076408263700053,6.906514348507277,19.73036332749236,7.98869447487325,0,0,1
277,vegetated pond,1.2568060640545475,7.028324962448553,10.326537068267873,7.791576452366004,0,0,1
278,vegetated pond,1.0039268357370537,7.264846377178365,8.956764752076896,6.970250560783968,0,1,0
279,vegetated pond,0.32473986192891047,6.964750610970454,9.89737474171962,8.007725765192538,0,0,1
280,vegetated pond,1.5009743221377236,7.243250821913101,21.050336413708727,7.056897884791455,1,0,1
281,vegetated pond,0.9927061947966377,7.0322372074050605,13.792567416430213,7.752691464404421,0,1,1
282,vegetated pond,0.470067446596551,6.012266716823064,26.232797142673007,9.47639630341194,0,0,1
283,vegetated pond,0.0,6.530332303090622,13.743009605370446,5.990186152080538,0,0,1
284,vegetated pond,1.5163770290362966,6.927956222139192,16.73820521278815,9.209817841693567,0,1,1
285,vegetated pond,0.04417101329456154,6.395152628579446,22.1684398102715,9.475672601009798,0,1,1
286,vegetated pond,0.0,7.299964364998102,24.02437155263649,7.322897209513382,0,0,0
287,vegetated pond,1.0090281728038561,7.765375416171849,24.24601430654559,4.317217651487108,0,0,1
288,vegetated pond,1.5759009625357092,7.609380925848658,20.83346492237257,6.5882670193583515,0,1,1
289,vegetated pond,1.1537091274042073,6.893278564534896,20.09625010324585,9.445491819841664,0,0,1
290,vegetated pond,0.8255636480209438,7.745363068424976,18.37010779680473,7.465697906551677,0,0,1
291,vegetated pond,0.8379017366661143,7.074333728601056,19.11344430466655,6.001046651557634,0,0,1
292,vegetated pond,0.9413662235121231,6.83145701444098,13.795257134685865,6.742837618157674,0,0,0
293,vegetated pond,0.903571435914706,6.69329866822953,12.727204466310772,8.760930039756829,0,0,1
294,vegetated pond,0.7124765695877503,6.848765156755936,15.986502170356191,8.320100352302068,0,0,1
295,vegetated pond,0.6416804415807504,6.8059115907293855,15.319261509900286,7.141601851245459,0,0,1
296,vegetated pond,0.574962748840191,7.085208111187744,14.187087802690899,6.949763382277968,0,0,1
297,vegetated pond,0.29841416445332947,7.080286990524932,18.785549789826863,6.912362776434267,0,0,1
298,vegetated pond,0.4877299692532903,7.001523010076707,19.821220834282045,6.116384723252247,0,1,1
299,vegetated pond,0.0,7.218469084873175,16.353627545167388,9.923063534204163,0,0,1
300,vegetated pond,0.5606641492821001,7.595323137393171,21.910120324221047,7.01651929618299,0,1,1
301,vegetated pond,0.20456355713963292,7.4747770677206615,11.43324354346598,9.325737781238244,0,0,1
302,vegetated pond,0.1585642731136915,6.257551015775048,15.225362162881128,9.781974077883676,0,0,1
303,vegetated pond,0.6719576604613914,6.0,13.13271071758878,8.997466347221941,0,0,1
304,vegetated pond,1.1568009145378397,7.467159955619637,8.53385353170776,6.852569530922928,0,1,1
305,vegetated pond,0.9673266424009253,6.316560650792289,15.669277256629202,8.105595135504915,0,1,1
306,vegetated pond,0.0,6.887617299053658,15.513009966466866,7.463706590413626,1,1,1
307,vegetated pond,0.20414874537186495,6.41494348697032,22.053798972968522,6.144447208904808,0,1,1
308,vegetated pond,0.9763084751952864,6.09900978120999,18.52324673821911,7.986538922582405,0,0,1
309,vegetated pond,0.2070050425846761,7.270731364102394,11.90325270268318,5.731440313260296,0,0,1
310,vegetated pond,0.5101467400011901,7.379577580151324,23.416370265336752,9.281519082692345,0,0,0
311,vegetated pond,0.8200208396098208,6.71174479963664,20.884134782101412,6.80307405405241,0,0,1
312,vegetated pond,0.21266221805454583,6.0,18.328390813874464,7.801739483809259,0,0,1
313,vegetated pond,0.642150202458384,6.726877775873759,15.094063604600672,7.924931807319213,1,1,1
314,vegetated pond,0.06638980203271817,7.195902002701273,12.162243053106081,7.111642539443884,0,0,1
315,vegetated pond,0.3594529424195145,6.260544215612936,14.511172895715788,8.380040702212913,0,0,1
316,vegetated pond,0.7279127736570148,7.091679959889578,20.354994478816742,6.787644515066213,0,0,1
317,vegetated pond,0.0,6.992345075413502,23.538345223738435,8.806945946185866,1,0,0
318,vegetated pond,0.7761898951841596,7.2896457498005445,22.172974113088756,5.481030479629878,0,0,1
319,vegetated pond,0.5921448804293274,7.059790184207077,14.044602312854904,7.689569369319618,0,0,1
320,vegetated pond,0.8209959817668592,6.513465529559222,11.521530266843955,10.408393498587428,0,0,1
321,vegetated pond,0.6895656536258645,7.598285750832246,16.563544987644814,5.999503013091638,0,0,1
322,vegetated pond,1.1456561719895377,6.920735213486515,8.926242537748593,6.483382544212723,0,0,0
323,vegetated pond,0.6500898010591629,6.986347730245034,17.292670856739125,8.270861774488372,0,0,1
324,vegetated pond,0.4282377835498988,6.533366020463402,15.409589654805325,7.769372672909397,0,1,1
325,vegetated pond,0.6489190012129136,6.778358874404245,14.13585399252703,8.025945148910338,0,0,1
326,vegetated pond,0.8173192116145553,6.55759864298655,9.621187730932817,8.233780695221496,0,0,1
327,vegetated pond,0.6195440281302818,6.913526970038289,18.054400426278868,8.452082202842655,0,0,1
328,vegetated pond,0.6162366764815529,7.855854240071172,13.869196641352355,9.164549762934335,0,1,1
329,vegetated pond,0.31920332487729774,6.314049428534322,11.320332657158847,8.114727985392769,0,0,1
330,vegetated pond,0.3348396329796206,6.19321930106163,4.510951146873403,7.138113518072187,0,0,1
331,vegetated pond,0.03895789128012254,7.735585163746804,15.889940379797455,8.508860551804096,0,0,1
332,vegetated pond,1.2998306972747757,6.895338161424067,23.089006386678975,10.349822902342822,0,0,1
333,Oxbow analog,0.9884437721593632,7.441493883185015,19.72820826285048,8.11585850177214,1,1,0
334,Oxbow analog,0.8422655024750394,8.653421917019104,22.94898462134371,8.225773693588176,1,1,0
335,Oxbow analog,1.013479535687228,8.843339798278548,14.679787034519828,7.308974616308169,1,1,0
336,Oxbow analog,1.328271469105126,8.387314830469077,17.95761800214151,9.033596888764555,1,1,1
337,Oxbow analog,0.2915123108146931,7.8511908855390145,18.998740441211737,7.732691634747347,0,1,0
338,Oxbow analog,1.6685930168013232,7.315040567015444,18.888009083677098,6.080585716774358,1,1,0
339,Oxbow analog,1.4292287892647464,7.301733356066061,17.30382107166435,9.024380961162748,1,1,1
340,Oxbow analog,1.4309114354247607,8.113508463159455,19.97072967343889,8.107274254300735,0,1,1
341,Oxbow analog,1.2630854432858363,8.05103893253321,18.92899581072263,6.624042772532973,0,1,1
342,Oxbow analog,1.0117699946163938,8.640959155767858,12.049350310690809,6.576659142380984,0,1,0
343,Oxbow analog,1.4037167415800917,8.190270055521683,20.47662425755709,7.58554820868299,0,1,0
344,Oxbow analog,1.3550884802448266,6.898151818944109,20.54916334906697,7.80214023384786,0,1,0
345,Oxbow analog,0.7875755734353858,8.431168570633751,13.946855583285673,7.456479945320569,0,0,0
346,Oxbow analog,0.6558389362618594,7.201163623611352,17.15175134179041,7.604701275475751,0,1,1
347,Oxbow analog,1.061113777157192,7.569617236828589,19.733315971244277,9.409944586949296,0,1,1
348,Oxbow analog,1.9294120908971124,7.950120123751017,16.162744721682554,8.593006097905352,0,1,0
349,Oxbow analog,0.2565357546076595,8.997400493870378,21.291912191064046,7.447826268644532,0,1,1
350,Oxbow analog,0.11948484054853602,9.0,26.455489978477445,8.423703754997728,0,1,1
351,Oxbow analog,1.09885650474191,8.164033835481709,13.856055869460072,5.857718925414199,0,1,0
352,Oxbow analog,1.0305326211136108,7.690082028767767,11.4758215873849,7.717305164930852,0,1,0
353,Oxbow analog,1.1040049986222449,8.12070338908833,18.2152743824195,9.552098254653043,1,1,1
354,Oxbow analog,1.1463719187451002,8.332593255524301,19.886250020504573,6.9165403359899145,0,1,0
355,Oxbow analog,0.866078647219117,7.607599424665684,16.076534504620923,6.0980758927951895,1,1,1
356,Oxbow analog,1.8939180631612493,8.877126813547394,22.81304265328414,6.352284444829022,1,1,1
357,Oxbow analog,0.0394576129140907,7.938042455514841,11.645576801107005,5.783477051454895,0,0,0
358,Oxbow analog,0.5029017851318525,8.098645853454837,19.771674492126444,6.179809519433985,1,1,0
359,Oxbow analog,0.9380471439105715,8.199554551232676,14.576556716964426,6.718339471832962,0,1,0
360,Oxbow analog,0.014086713307499813,8.052951966368672,23.877511624829186,5.372762875067766,0,1,1
361,Oxbow analog,0.8944873573407573,8.303364300281768,24.97006141267247,7.2203038341344845,0,1,1
362,Oxbow analog,1.9968820994368108,7.429648088071846,13.933373648866608,8.37296032592264,0,1,1
363,Oxbow analog,1.012531892977577,7.465018947632381,14.80177145636568,6.019916965809004,1,1,0
364,Oxbow analog,1.13842054343121,7.139907460216983,20.438351547919208,9.1750691007343,0,1,1
365,Oxbow analog,0.24390114089645187,8.063700738372136,15.451477400841942,7.864029715085874,0,1,1
366,Oxbow analog,0.6301831551763135,8.267361902107268,16.818355128271048,8.539754761311274,0,0,1
367,Oxbow analog,0.7748821718056378,8.07466371969113,17.10155368216964,6.344815079992222,1,1,1
368,Oxbow analog,0.8093709419462596,8.804695460008523,9.321307375209376,8.3108827951866,0,1,1
369,Oxbow analog,1.768986277002261,7.796642388702572,16.94464901562305,5.780485929486093,0,1,1
370,Oxbow analog,1.3346146364350746,8.201244993355507,14.241088903743304,8.357321751087461,0,1,0
371,Oxbow analog,0.3331252258377808,7.144979474316411,15.027508710400912,7.4233911417315905,0,1,0
372,Oxbow analog,1.1479028670592029,7.5677401785153595,22.774528013875255,7.919226585980219,1,1,1
373,Oxbow analog,1.298933049098071,8.217322654539466,11.973972422882975,5.671727012687693,0,1,0
374,Oxbow analog,1.6840894231127599,8.309461266445886,20.252820746991908,6.036409205040414,0,1,0
375,Oxbow analog,1.9483244119410241,7.6236198314014905,15.884148278672766,7.9763966837294005,1,1,0
376,Oxbow analog,0.39094348490327885,7.75704044888516,15.880959326016661,5.967147594508539,0,1,1
377,Oxbow analog,0.5134854932737971,6.889275751991514,20.161487584206846,7.80216817972886,1,1,1
378,Oxbow analog,0.24545328465123026,7.585782479516034,18.36020517827556,5.422720851601681,1,1,1
379,Oxbow analog,0.8595880845358113,8.334229898111872,19.282451988878123,8.302626476466669,0,1,1
380,Oxbow analog,1.2798150246678006,8.145123009663939,20.872738642131445,5.597719690800938,0,1,1
381,Oxbow analog,1.5924007099534612,8.100399432828725,15.674766467266709,7.9179899189833804,0,1,0
382,Oxbow analog,0.9544293858144863,7.829864212308576,14.551053061968998,8.013320213739801,1,1,0
383,Oxbow analog,0.8080914860470937,7.804237895176906,12.659397893768809,6.294196636041553,0,1,1
384,Oxbow analog,1.0910547953492442,7.403807316315931,13.69835788008418,7.956634537210145,1,1,0
385,Oxbow analog,0.4989142590219862,8.21929705212152,28.796377701234903,7.538574942333623,0,1,1
386,Oxbow analog,2.253723233016864,8.052583766633633,21.978718322947145,6.49950558694944,1,0,0
387,Oxbow analog,0.03540338372916482,8.09521130879568,11.595702535167915,5.88887891070093,0,1,0
388,Oxbow analog,1.1108443473374348,7.4843790943994515,11.71016817302572,4.648586600825647,0,1,0
389,Oxbow analog,2.2141637315377833,6.507994248077253,18.927464246873967,7.654545061489602,0,1,0
390,Oxbow analog,1.0040799067359987,8.458291627052217,19.189059189511866,5.1657563972293286,1,1,0
391,Oxbow analog,0.8859765789991033,7.512697526394957,19.19553534126946,7.323947459273701,1,1,0
392,Oxbow analog,0.7855327463137437,7.282334541574127,15.98017682578521,6.857517319093076,0,0,1
393,Oxbow analog,0.8917649909425553,8.216087347148395,16.498182959988398,8.082885608069654,0,1,1
394,Oxbow analog,1.823709084805918,7.5647924160485225,18.31151809663743,6.807340850663176,1,1,0
395,Oxbow analog,0.0,8.435961830427972,17.343572025173323,6.771717877748782,0,1,1
396,Oxbow analog,1.9200602207777953,8.170203569746018,8.12279850900986,8.151431915574785,0,1,1
397,Oxbow analog,0.14562570852991297,8.210141593920286,16.080801477699225,7.6355754378093526,1,1,1
398,Oxbow analog,0.8400086024593512,6.980426573279679,13.594374262958745,7.611002744337612,0,1,0
399,Oxbow analog,0.7424533478208029,8.527166391231841,17.70084567563405,7.810047866751084,1,1,0
400,Oxbow analog,1.3531319618624318,7.956750318740314,28.94103601041364,5.203756239830763,0,1,0
401,Oxbow analog,0.04112538886975149,7.578433716452278,18.46992666189722,8.183825283983078,0,1,0
402,Oxbow analog,1.2773035996491657,7.88603308040535,15.745881255310408,7.996209432217683,1,1,1
403,Oxbow analog,2.2145857739721113,6.734258860261008,20.68720600790901,5.878311932850553,0,1,1
404,Oxbow analog,0.18209559724431376,8.045191686888403,18.930751548836852,6.882695384223538,0,1,0
405,Oxbow analog,1.1138237005662375,7.182377095090757,18.680377961807366,7.14890052608408,0,1,1
406,Oxbow analog,0.6028106933220346,6.988397828493879,19.427402372862684,7.025154180277748,1,1,1
407,Oxbow analog,1.2555323237158214,6.886584488269265,25.226174259318167,7.634017956539095,0,1,1
408,Oxbow analog,1.0114886664494513,8.467613024993955,12.476446258696336,9.060776816380539,0,1,1
409,Oxbow analog,0.6151078545734142,7.422441963784326,18.894528307245817,8.606296745974678,0,1,0
410,Oxbow analog,1.2927233709226444,8.7202366259499,13.294475480073846,5.494115048539172,0,1,1
411,Oxbow analog,2.0826088658720456,7.478519122168621,19.222050585368994,8.008690987397863,0,0,1
412,Oxbow analog,0.8854577249636207,6.775585225444232,13.325253954055622,8.927613315396032,0,1,0
413,Oxbow analog,1.431854765288909,7.130085336030804,15.330532745579662,7.702851076895963,0,1,0
414,Oxbow analog,0.2240362252773018,8.541486972004163,15.819640343048375,8.618274552741758,0,1,1
415,Oxbow analog,0.4261381739091948,7.7064610932379995,20.903266877378837,9.815951579410996,1,1,0
416,Oxbow analog,1.2834437667282264,7.471027622105639,20.673817775769656,8.530822409939075,1,1,1
417,Oxbow analog,1.890469617121579,7.896010935511672,12.017130494214463,7.524101174334247,1,0,1
418,Oxbow analog,1.2133680092713959,8.101069641700526,17.219736443999395,8.55861501631018,1,1,0
419,Oxbow analog,0.8121651816861074,8.470439289541476,14.16168058100331,7.3883541830259585,1,1,0
420,Oxbow analog,0.9995748432540125,8.669099537935756,11.965980357298662,7.231073956270443,1,1,0
421,Oxbow analog,0.24975535961816953,7.5841388125265485,16.131931798302517,6.743161493572148,1,0,0
422,Oxbow analog,1.36270919581322,7.004371388350776,15.76606884617672,9.232437366481742,0,1,0
423,Oxbow analog,1.5293998373940454,7.551920903326034,26.70686594538209,6.1360427342753985,0,1,1
424,Oxbow analog,0.7287458003001518,7.956168303949731,18.731839301442786,9.192078042081551,1,1,1
425,Oxbow analog,0.7179747113442991,7.221744644273634,11.489529996983052,7.849823360862483,1,1,1
426,Oxbow analog,1.1595269377912292,7.225709451062974,14.740903983316231,5.380901972757476,0,1,0
427,Oxbow analog,0.7379681583756427,8.00627272892993,21.085533181717594,7.677944080888849,0,1,1
428,Oxbow analog,0.9603204312245065,7.770808589057729,25.3537710914797,4.469965540052889,0,1,1
429,Oxbow analog,2.2598330734999093,7.819678197246952,10.656066751048167,8.013160421880347,1,1,1
430,Oxbow analog,0.851784579552402,7.344902799179958,9.48030245944382,8.350800927885688,0,1,1
431,Oxbow analog,0.7849959087872667,7.66175957147654,24.483860701487128,6.42993725765233,0,1,0
432,Oxbow analog,0.6114749166189044,7.245460113439017,18.558456709483615,7.360612004742257,0,1,1
433,Oxbow analog,1.446515182899962,8.334119046674871,13.526829072494534,9.740404663875372,0,1,0
434,Oxbow analog,0.8912654960691382,8.421149600834251,19.13851634448974,6.542529284459483,0,1,1
435,Oxbow analog,0.6103761770071444,6.692287282657143,6.457009043932489,5.823420136826419,0,1,1
436,Oxbow analog,1.7927824193638071,7.242293483884554,17.013502026388643,9.126162423201379,0,0,0
437,Oxbow analog,1.8517618027081824,6.902082446945952,18.31128469137234,9.751363347690033,0,1,1
438,Oxbow analog,0.639745860556777,7.4099856393558605,20.69708055815132,7.204804373402202,1,1,0
439,Oxbow analog,0.0,7.749937218125783,12.944416190829848,8.514901946030863,0,1,1
440,Oxbow analog,1.6045082139021531,6.930212868180882,17.342748645613437,8.943918690190145,0,1,0
441,Oxbow analog,0.5892221045439976,7.246884112124812,13.29830149576165,6.234770497700101,0,1,1
442,Oxbow analog,1.4743753594976612,7.197625576751101,18.021535022697268,6.5691024140217715,1,1,1
443,Oxbow analog,0.0,7.924360397639366,13.418614710547903,8.800136867101156,0,1,0
444,Oxbow analog,1.5355584029795857,7.84160660222175,15.367596643359118,9.390518562321063,1,1,1
445,Oxbow analog,0.2732968424315313,7.366957467997648,13.016738420839083,7.931745118226662,1,1,1
446,Oxbow analog,1.4384584714399147,7.906092523283639,19.60454496729463,6.05624134044733,0,1,0
447,Oxbow analog,1.0085638407018604,7.4719919492476405,20.43380446662666,9.783179445209274,0,1,0
448,Oxbow analog,0.42763634836201303,7.637006933804368,16.061517720170343,6.509737832844446,0,0,1
449,Oxbow analog,0.7557782122439317,8.804071254179123,17.152951979840115,6.7643208844771125,0,0,0
450,Oxbow analog,1.4117910741740205,8.604276631074208,11.205634341465824,7.6450391848365085,0,1,1
451,Oxbow analog,1.0635366718691406,7.020251257843441,15.801293407972851,9.220408546929207,0,1,0
452,Oxbow analog,1.3506477882834906,8.297839450727505,16.79918153183302,8.31016876951789,0,1,0
453,Oxbow analog,2.1858643507092914,8.286837932694954,27.483172364119902,7.739325150470484,1,1,0
454,Oxbow analog,0.06145503297336922,7.111042026748429,12.552131896903346,7.802275089153539,0,1,1
455,Oxbow analog,1.9703275449811744,8.291266586252917,22.85670895500975,7.256569069236506,0,1,0
456,Oxbow analog,1.0626135625139277,8.722759151047532,20.987435093863233,7.925581368874059,0,1,1
457,Oxbow analog,0.4607295710061231,7.126473116253352,18.122545617960547,3.911571898997406,0,1,1
458,Oxbow analog,0.20181182455660615,7.249498307391442,24.034481936780534,6.814410303209263,1,1,0
459,Oxbow analog,0.8865277655337799,8.410596880106102,18.488421890427453,7.513718515391815,0,1,0
460,Oxbow analog,1.5529900671546757,7.962897186495389,18.556636782671713,5.703681691294641,0,1,0
461,Oxbow analog,0.9234705277734795,8.130885765143713,16.787517387929817,7.702220313155028,0,1,0
462,Oxbow analog,1.9066929581484084,8.004353529840298,21.89427552967451,6.9341874127180425,1,0,1
463,Oxbow analog,0.1292945859690647,8.034417552556887,21.385876935243534,9.482118407810137,0,1,0
464,Oxbow analog,0.9927466312923673,7.00411672301335,14.497290850015151,9.244925642779315,1,0,1
465,Oxbow analog,0.2485639333521286,8.428390623972868,11.723011221604931,6.594452760146388,0,1,1
466,Oxbow analog,1.2181791295749806,8.501753995456664,16.18807745041737,7.003910974963296,0,1,1
467,Oxbow analog,1.5321324340583802,7.662365553559183,13.799845742409413,7.10386816470909,1,1,0
468,Oxbow analog,0.747542923791368,7.773913830111683,16.74590170153858,6.6128426809924905,0,1,1
469,Oxbow analog,0.0,6.881335498466567,21.949752538736558,7.453532479236565,1,1,0
470,Oxbow analog,1.1193688880778967,8.108552853610702,15.17079337965284,6.214233310446133,0,1,1
471,Oxbow analog,1.2620431310401055,8.143234465028486,16.8287064747537,5.730200064581216,1,1,0
472,Oxbow analog,1.2425768529770185,7.762685389800414,17.23209093923358,8.009524591070349,1,1,0
473,Oxbow analog,1.7414693150932925,8.474612015922302,20.393723528821138,8.018388459488355,0,1,1
474,Oxbow analog,0.3573677922105707,7.599553661412036,8.01244266406158,6.15438951244201,1,1,1
475,Oxbow analog,1.4081296632702696,8.13876355553616,14.573198820938813,8.36396205999138,1,1,1
476,Oxbow analog,1.715504507486785,7.188201396784731,17.84513476911789,6.37894895208507,0,1,1
477,Oxbow analog,0.0,7.785868709475457,21.800315825707443,7.529114809449376,0,1,0
478,Oxbow analog,1.1917910955513864,7.695387445258298,15.03239020997518,8.266447216396193,0,1,0
479,Oxbow analog,0.6974921013953971,7.935184753224565,9.493789175832504,7.156303665885173,1,0,1
480,Oxbow analog,0.9510863961390125,7.578283842699985,19.478845783864546,7.791163185783475,0,1,1
481,Oxbow analog,1.208605890123002,7.721116442596999,14.458550444697483,6.528641462946157,0,1,1
482,Oxbow analog,0.7076628615318686,8.295628302864904,12.241333363638555,6.944593441543474,1,1,0
483,Oxbow analog,0.5945751525030329,7.53794145765707,14.502618441147103,6.932382739855558,1,1,1
484,Oxbow analog,1.0204914504928149,6.836053739556792,16.2618985693766,6.229448149497689,0,1,1
485,Oxbow analog,0.3476524366823186,8.849750342523253,14.58102134184715,6.970193587949484,0,1,1
486,Oxbow analog,0.3485049226688888,8.628872447214292,8.177735771603723,5.186796211477129,0,1,1
487,Oxbow analog,1.407623969773902,7.024642382936628,20.58826478754853,6.561500128715264,0,1,0
488,Oxbow analog,0.3107235789048064,8.213824683147116,22.09950016511489,6.829661858619428,0,1,1
489,Oxbow analog,1.3997875005455271,7.498215137669194,19.60608796535802,6.8669663217560055,1,1,1
490,Oxbow analog,1.2775547757123706,7.958092329198635,12.449257318300734,6.886053320367988,0,1,1
491,Oxbow analog,0.0,7.976534477408096,16.194033864209928,7.1197065401818325,1,1,0
492,Oxbow analog,0.593461208598607,7.6593553198102065,16.97391473908217,7.823273973511883,1,1,1
493,Oxbow analog,1.7164656418284234,7.329740600648162,19.395177558247642,8.33687219637228,0,1,1
494,Oxbow analog,0.411300681316191,7.3856753686102445,19.673361954872323,6.3553052050972525,1,1,1
495,Oxbow analog,0.7213574426143674,7.250284850711254,14.063304804886016,5.635838887994113,0,1,0
496,Oxbow analog,1.277236535951138,7.300906675061733,17.327982225654242,5.845342264083966,0,1,1
497,Oxbow analog,1.4700343055695573,7.759693025970386,18.829121618460963,6.5666362024465945,0,1,0
498,Oxbow analog,0.8490766683733025,7.370544006533549,22.823289288587066,6.742502286838539,1,1,0
